{
  "coupling_unification": {
    "alpha1_inv": 80.2450176170811,
    "alpha2_inv": 46.04280160951392,
    "alpha3_inv": 26.657878755073632,
    "k1_alpha1": 0.020769721487504503,
    "k2_alpha2": 0.043437843269440314,
    "k3_alpha3": 0.037512362074558395,
    "unification_deviation": 0.02266812178193581,
    "uft_alpha_GUT": 7.957747154594767e-13
  },
  "mass_ratios": {
    "mu/m_e": {
      "SM": 206.77103718199612,
      "UFT": 206.77103722072818,
      "tau_ratio": 206.38879675957378,
      "error_percent": 1.8731856519351114e-08
    },
    "tau/mu": {
      "SM": 16.816770774181336,
      "UFT": 16.816770774181222,
      "tau_ratio": 13.151074014242937,
      "error_percent": 6.76032510927476e-13
    },
    "c/u": {
      "SM": 577.2727272727273,
      "UFT": 577.2727272803925,
      "tau_ratio": 490.07992744759184,
      "error_percent": 1.3278336190860572e-09
    },
    "t/b": {
      "SM": 41.387559808612444,
      "UFT": 41.38755980861246,
      "tau_ratio": 7.112484553978461,
      "error_percent": 3.4336053589332006e-14
    }
  },
  "hierarchy_patterns": {
    "leptons": {
      "ratio_12": 206.38879675957378,
      "ratio_23": 13.151074014242937,
      "geometric_consistency": 1.760388416593504
    },
    "up-type": {
      "ratio_12": 490.07992744759184,
      "ratio_23": 16.015005820925943,
      "geometric_consistency": 1.8734229112510883
    },
    "down-type": {
      "ratio_12": 20.394400835627977,
      "ratio_23": 25.327236192922168,
      "geometric_consistency": 0.21577684780682552
    }
  },
  "jarlskog": {
    "J_CKM": 2.904013207513162e-05,
    "J_observed": 3e-05,
    "J_UFT_prediction": 9.335804264972017e-08,
    "agreement": 0.9648924677493966
  }
}