{
  "step_losses": [
    [
      1,
      4.825266599655151
    ],
    [
      2,
      4.217966079711914
    ],
    [
      3,
      4.211859703063965
    ],
    [
      4,
      4.203678846359253
    ],
    [
      5,
      4.1928112506866455
    ],
    [
      6,
      4.17516303062439
    ],
    [
      7,
      4.147669076919556
    ],
    [
      8,
      4.122148752212524
    ],
    [
      9,
      4.084315061569214
    ],
    [
      10,
      4.0425989627838135
    ],
    [
      11,
      4.001037120819092
    ],
    [
      12,
      3.9556890726089478
    ],
    [
      13,
      3.906338095664978
    ],
    [
      14,
      3.848638415336609
    ],
    [
      15,
      3.791778087615967
    ],
    [
      16,
      3.73507559299469
    ],
    [
      17,
      3.6728105545043945
    ],
    [
      18,
      3.607419013977051
    ],
    [
      19,
      3.5501112937927246
    ],
    [
      20,
      3.487320899963379
    ]
  ],
  "eval_losses": [],
  "spectral_dims": [
    [
      1,
      4.061648607254028
    ],
    [
      2,
      4.140465259552002
    ],
    [
      3,
      4.215936899185181
    ],
    [
      4,
      4.288404941558838
    ],
    [
      5,
      4.357977390289307
    ],
    [
      6,
      4.424761533737183
    ],
    [
      7,
      4.488846778869629
    ],
    [
      8,
      4.550338983535767
    ],
    [
      9,
      4.609329462051392
    ],
    [
      10,
      4.665895700454712
    ],
    [
      11,
      4.720134019851685
    ],
    [
      12,
      4.77212929725647
    ],
    [
      13,
      4.821953058242798
    ],
    [
      14,
      4.869685888290405
    ],
    [
      15,
      4.9153969287872314
    ],
    [
      16,
      4.959167718887329
    ],
    [
      17,
      5.001066446304321
    ],
    [
      18,
      5.0411458015441895
    ],
    [
      19,
      5.079500436782837
    ],
    [
      20,
      5.11618185043335
    ]
  ],
  "torsion_energies": [
    [
      1,
      4.927008628845215
    ],
    [
      2,
      4.9269561767578125
    ],
    [
      3,
      4.926717758178711
    ],
    [
      4,
      4.926122665405273
    ],
    [
      5,
      4.92514705657959
    ],
    [
      6,
      4.923782825469971
    ],
    [
      7,
      4.922023296356201
    ],
    [
      8,
      4.919866561889648
    ],
    [
      9,
      4.9173078536987305
    ],
    [
      10,
      4.914343357086182
    ],
    [
      11,
      4.910968780517578
    ],
    [
      12,
      4.907177925109863
    ],
    [
      13,
      4.902957916259766
    ],
    [
      14,
      4.898298263549805
    ],
    [
      15,
      4.893184185028076
    ],
    [
      16,
      4.887596130371094
    ],
    [
      17,
      4.88150691986084
    ],
    [
      18,
      4.874887466430664
    ],
    [
      19,
      4.867705345153809
    ],
    [
      20,
      4.859918594360352
    ]
  ],
  "learning_rates": [
    [
      1,
      1e-06
    ],
    [
      2,
      2e-06
    ],
    [
      3,
      3e-06
    ],
    [
      4,
      4e-06
    ],
    [
      5,
      5e-06
    ],
    [
      6,
      6e-06
    ],
    [
      7,
      7e-06
    ],
    [
      8,
      8e-06
    ],
    [
      9,
      9e-06
    ],
    [
      10,
      1e-05
    ],
    [
      11,
      1.1e-05
    ],
    [
      12,
      1.2e-05
    ],
    [
      13,
      1.3000000000000001e-05
    ],
    [
      14,
      1.4e-05
    ],
    [
      15,
      1.4999999999999999e-05
    ],
    [
      16,
      1.6e-05
    ],
    [
      17,
      1.7e-05
    ],
    [
      18,
      1.8e-05
    ],
    [
      19,
      1.9e-05
    ],
    [
      20,
      2e-05
    ]
  ]
}