{
  "config": {
    "name": "min_energy_1",
    "torsion_coef": 0.001,
    "torsion_min_energy": 1.0,
    "torsion_target": null,
    "spectral_reg": 0.0,
    "entropy_reg": 0.0,
    "description": "\u5f3a\u6b63\u5219\u5316 + \u6700\u5c0f\u80fd\u91cf\u7ea6\u675f=1.0"
  },
  "eval": {
    "loss": 6.607806205749512,
    "perplexity": 740.85595703125,
    "accuracy": 0.011904762126505375,
    "torsion_energy": 0.9806393980979919,
    "spectral_dim": 6.132895469665527,
    "repetition_rate": 0.375,
    "generated_sample": [
      535,
      644,
      226,
      743,
      114,
      512,
      330,
      176,
      166,
      873,
      527,
      524,
      522,
      514,
      524,
      517,
      515,
      524,
      528,
      522
    ]
  },
  "capacity": {
    "seq_10": 0.0015944825718179345,
    "seq_20": 0.0040308088064193726,
    "seq_50": 0.0104149729013443,
    "seq_100": 0.010362443514168262,
    "pattern_5": 0.00474997004494071,
    "pattern_10": 0.0015400921693071723,
    "pattern_20": 0.0013857511803507805
  }
}