{
  "config": {
    "name": "very_strong_reg",
    "torsion_coef": 0.01,
    "torsion_min_energy": 0.0,
    "torsion_target": null,
    "spectral_reg": 0.0,
    "entropy_reg": 0.0,
    "description": "100\u500d\u5f3a\u6b63\u5219\u5316"
  },
  "eval": {
    "loss": 6.572580814361572,
    "perplexity": 715.2133178710938,
    "accuracy": 0.0,
    "torsion_energy": 0.0,
    "spectral_dim": 6.145777225494385,
    "repetition_rate": 0.32499999999999996,
    "generated_sample": [
      296,
      313,
      892,
      820,
      411,
      655,
      539,
      343,
      854,
      586,
      327,
      318,
      321,
      315,
      337,
      651,
      321,
      328,
      323,
      319
    ]
  },
  "capacity": {
    "seq_10": 0.0016289365012198687,
    "seq_20": 0.002929504495114088,
    "seq_50": 0.00840050633996725,
    "seq_100": 0.009774317964911461,
    "pattern_5": 0.002462216420099139,
    "pattern_10": 0.0024041312281042337,
    "pattern_20": 0.001158672384917736
  }
}