{
  "step": [
    0,
    200,
    400,
    499
  ],
  "loss": [
    8.066594123840332,
    6.945213794708252,
    6.933048725128174,
    6.934203147888184
  ],
  "base_loss": [
    6.93319845199585,
    6.925253868103027,
    6.913088798522949,
    6.914243221282959
  ],
  "torsion_loss": [
    1.1333959102630615,
    0.01996004767715931,
    0.01996000111103058,
    0.01996000111103058
  ],
  "torsion_energy": [
    1.6431814432144165,
    4.9793171882629395,
    4.979982376098633,
    4.979986190795898
  ],
  "spectral_dim": [
    4.045015335083008,
    6.168850421905518,
    6.203688144683838,
    6.206408500671387
  ]
}